-- 1
-- down
UPDATE flights
SET 
	`status` = 'Delayed'
WHERE flight_id IN (
		348,
		761,
		974,
		2469,
		5377,
		5858,
		34275,
		36780,
		46165,
		53170,
		59329
    )
;

-- 2
-- down
UPDATE flights f
	INNER JOIN airports_data ad ON (
		f.departure_airport = ad.airport_code
        OR f.arrival_airport = ad.airport_code
    )
SET
	f.status = 'Scheduled',
    f.actual_departure = NULL,
    f.actual_arrival = NULL
WHERE f.flight_id = 1937
	OR f.flight_id = 1940
	OR f.flight_id = 1941
	OR f.flight_id = 1942
	OR f.flight_id = 1944
	OR f.flight_id = 1949
	OR f.flight_id = 1952
	OR f.flight_id = 1961
	OR f.flight_id = 1970
	OR f.flight_id = 1971
	OR f.flight_id = 1973
	OR f.flight_id = 1974
	OR f.flight_id = 1976
	OR f.flight_id = 1978
	OR f.flight_id = 1980
	OR f.flight_id = 1996
	OR f.flight_id = 2008
	OR f.flight_id = 2010
	OR f.flight_id = 2011
	OR f.flight_id = 2012
	OR f.flight_id = 2025
	OR f.flight_id = 2026
	OR f.flight_id = 2033
	OR f.flight_id = 2039
	OR f.flight_id = 2042
	OR f.flight_id = 2046
	OR f.flight_id = 2052
	OR f.flight_id = 2053
	OR f.flight_id = 7351
	OR f.flight_id = 7352
	OR f.flight_id = 7364
	OR f.flight_id = 7365
	OR f.flight_id = 7366
	OR f.flight_id = 7367
	OR f.flight_id = 7371
	OR f.flight_id = 7374
	OR f.flight_id = 7387
	OR f.flight_id = 7388
	OR f.flight_id = 7401
	OR f.flight_id = 7402
	OR f.flight_id = 7405
	OR f.flight_id = 7406
	OR f.flight_id = 7411
	OR f.flight_id = 7412
	OR f.flight_id = 7415
	OR f.flight_id = 7416
	OR f.flight_id = 7426
	OR f.flight_id = 7427
	OR f.flight_id = 7428
	OR f.flight_id = 7429
	OR f.flight_id = 7442
	OR f.flight_id = 7450
	OR f.flight_id = 7451
	OR f.flight_id = 7458
	OR f.flight_id = 7479
	OR f.flight_id = 7481
	OR f.flight_id = 7482
	OR f.flight_id = 7484
	OR f.flight_id = 7494
	OR f.flight_id = 7501
	OR f.flight_id = 7503
	OR f.flight_id = 7505
	OR f.flight_id = 7513
	OR f.flight_id = 7514
	OR f.flight_id = 7515
	OR f.flight_id = 7516
	OR f.flight_id = 7520
	OR f.flight_id = 7528
	OR f.flight_id = 7529
	OR f.flight_id = 7531
	OR f.flight_id = 7532
	OR f.flight_id = 7533
	OR f.flight_id = 7534
	OR f.flight_id = 7535
	OR f.flight_id = 7537
	OR f.flight_id = 7538
	OR f.flight_id = 7539
	OR f.flight_id = 7542
	OR f.flight_id = 7562
	OR f.flight_id = 7569
	OR f.flight_id = 7570
	OR f.flight_id = 7571
	OR f.flight_id = 7572
	OR f.flight_id = 7580
	OR f.flight_id = 7583
	OR f.flight_id = 11597
	OR f.flight_id = 11599
	OR f.flight_id = 11601
	OR f.flight_id = 11604
	OR f.flight_id = 11607
	OR f.flight_id = 11616
	OR f.flight_id = 11617
	OR f.flight_id = 11622
	OR f.flight_id = 11623
	OR f.flight_id = 11629
	OR f.flight_id = 11641
	OR f.flight_id = 11644
	OR f.flight_id = 11645
	OR f.flight_id = 11657
	OR f.flight_id = 11663
	OR f.flight_id = 11664
	OR f.flight_id = 11678
	OR f.flight_id = 11680
	OR f.flight_id = 11681
	OR f.flight_id = 11683
	OR f.flight_id = 11684
	OR f.flight_id = 11690
	OR f.flight_id = 11697
	OR f.flight_id = 11703
	OR f.flight_id = 11704
	OR f.flight_id = 11710
	OR f.flight_id = 11713
	OR f.flight_id = 11714
	OR f.flight_id = 33193
	OR f.flight_id = 33195
	OR f.flight_id = 33200
	OR f.flight_id = 33201
	OR f.flight_id = 33204
	OR f.flight_id = 33205
	OR f.flight_id = 33206
	OR f.flight_id = 33208
	OR f.flight_id = 33225
	OR f.flight_id = 33229
	OR f.flight_id = 33233
	OR f.flight_id = 33238
	OR f.flight_id = 33242
	OR f.flight_id = 33244
	OR f.flight_id = 33246
	OR f.flight_id = 33249
	OR f.flight_id = 33250
	OR f.flight_id = 33254
	OR f.flight_id = 33259
	OR f.flight_id = 33262
	OR f.flight_id = 33264
	OR f.flight_id = 33265
	OR f.flight_id = 33267
	OR f.flight_id = 33269
	OR f.flight_id = 33288
	OR f.flight_id = 33291
	OR f.flight_id = 33299
	OR f.flight_id = 33304
	OR f.flight_id = 33307
	OR f.flight_id = 33314
	OR f.flight_id = 33315
	OR f.flight_id = 33324
	OR f.flight_id = 33325
	OR f.flight_id = 33328
	OR f.flight_id = 33331
	OR f.flight_id = 33332
	OR f.flight_id = 33333
	OR f.flight_id = 33338
	OR f.flight_id = 33343
	OR f.flight_id = 33344
	OR f.flight_id = 33345
	OR f.flight_id = 33346
	OR f.flight_id = 33361
	OR f.flight_id = 33362
	OR f.flight_id = 33369
	OR f.flight_id = 33370
	OR f.flight_id = 33378
	OR f.flight_id = 33379
	OR f.flight_id = 33382
	OR f.flight_id = 33383
	OR f.flight_id = 33395
	OR f.flight_id = 33398
	OR f.flight_id = 33405
	OR f.flight_id = 33406
	OR f.flight_id = 33420
	OR f.flight_id = 33421
	OR f.flight_id = 33425
	OR f.flight_id = 33427
	OR f.flight_id = 33428
	OR f.flight_id = 33429
	OR f.flight_id = 33438
	OR f.flight_id = 33439
	OR f.flight_id = 33444
	OR f.flight_id = 33449
	OR f.flight_id = 33454
	OR f.flight_id = 33455
	OR f.flight_id = 33458
	OR f.flight_id = 33462
	OR f.flight_id = 33463
	OR f.flight_id = 33508
	OR f.flight_id = 33518
	OR f.flight_id = 33519
	OR f.flight_id = 33520
	OR f.flight_id = 33521
	OR f.flight_id = 33522
	OR f.flight_id = 33523
	OR f.flight_id = 33524
	OR f.flight_id = 33525
	OR f.flight_id = 33527
	OR f.flight_id = 33529
	OR f.flight_id = 33530
	OR f.flight_id = 33534
	OR f.flight_id = 33535
	OR f.flight_id = 33542
	OR f.flight_id = 33543
	OR f.flight_id = 33549
	OR f.flight_id = 33554
	OR f.flight_id = 33564
	OR f.flight_id = 33571
	OR f.flight_id = 33577
	OR f.flight_id = 33578
	OR f.flight_id = 33586
	OR f.flight_id = 33591
	OR f.flight_id = 33602
	OR f.flight_id = 33603
	OR f.flight_id = 33606
	OR f.flight_id = 33609
	OR f.flight_id = 33613
	OR f.flight_id = 33614
	OR f.flight_id = 33618
	OR f.flight_id = 33625
	OR f.flight_id = 33626
	OR f.flight_id = 33627
	OR f.flight_id = 33631
	OR f.flight_id = 33634
	OR f.flight_id = 33636
	OR f.flight_id = 33639
	OR f.flight_id = 33649
	OR f.flight_id = 33652
	OR f.flight_id = 33658
	OR f.flight_id = 33660
	OR f.flight_id = 33663
	OR f.flight_id = 33670
	OR f.flight_id = 33674
	OR f.flight_id = 33677
	OR f.flight_id = 33684
	OR f.flight_id = 33689
	OR f.flight_id = 33690
	OR f.flight_id = 33696
	OR f.flight_id = 33701
	OR f.flight_id = 33705
	OR f.flight_id = 33706
	OR f.flight_id = 47858
	OR f.flight_id = 47860
	OR f.flight_id = 47873
	OR f.flight_id = 47876
	OR f.flight_id = 47886
	OR f.flight_id = 47887
	OR f.flight_id = 47889
;

-- 3 
-- down
INSERT tickets(ticket_no, book_ref, passenger_id, passenger_name, contact_data)
VALUES
	("0005432000863","78E2D2","2836 125969","GENNADIY NIKITIN",'{"email": "nikitin_g_111965@postgrespro.ru", "phone": "+70556069198"}'),
	("0005432018403","934453","8142 560633","GENNADIY NIKITIN",'{"email": "nikitin_gennadiy-1978@postgrespro.ru", "phone": "+70416138244"}'),
	("0005432150100","621ECB","9317 563684","GENNADIY NIKITIN",'{"phone": "+70522036053"}'),
	("0005432380826","73CA24","2859 198082","GENNADIY NIKITIN",'{"email": "nikitin.g-1964@postgrespro.ru", "phone": "+70247151257"}'),
	("0005432706353","D13553","9147 215823","GENNADIY NIKITIN",'{"email": "g_nikitin-1990@postgrespro.ru", "phone": "+70214436751"}'),
	("0005432747244","E1677F","9515 051348","GENNADIY NIKITIN",'{"phone": "+70823529489"}'),
	("0005432798098","166BBE","8362 397348","GENNADIY NIKITIN",'{"email": "nikitin_g.071977@postgrespro.ru", "phone": "+70153742793"}'),
	("0005432798586","6865D5","2371 210224","GENNADIY NIKITIN",'{"phone": "+70486484297"}'),
	("0005432879717","19DA37","3728 192563","GENNADIY NIKITIN",'{"email": "nikitin.g-121966@postgrespro.ru", "phone": "+70086738916"}'),
	("0005433007476","1828E5","8213 128622","GENNADIY NIKITIN",'{"email": "nikitin.g.15051967@postgrespro.ru", "phone": "+70635663059"}'),
	("0005433008806","CE8212","2320 114544","GENNADIY NIKITIN",'{"phone": "+70914953273"}'),
	("0005433073143","246314","7171 691957","GENNADIY NIKITIN",'{"email": "g.nikitin-011969@postgrespro.ru", "phone": "+70937775458"}'),
	("0005433074540","18F73A","8353 098605","GENNADIY NIKITIN",'{"email": "nikitin_g011977@postgrespro.ru", "phone": "+70776147399"}'),
	("0005433102069","3BF6F4","3056 465577","GENNADIY NIKITIN",'{"phone": "+70209743232"}'),
	("0005433292889","9825A1","5289 317710","GENNADIY NIKITIN",'{"email": "nikitin-g.031973@postgrespro.ru", "phone": "+70364912261"}'),
	("0005433448928","6D639C","6965 740011","GENNADIY NIKITIN",'{"email": "nikitin_gennadiy.13111965@postgrespro.ru", "phone": "+70616840019"}'),
	("0005433507129","60EB3F","7895 373222","GENNADIY NIKITIN",'{"phone": "+70902541895"}'),
	("0005433565125","35198C","9047 794540","GENNADIY NIKITIN",'{"phone": "+70094369456"}'),
	("0005433766421","29415D","8954 361954","GENNADIY NIKITIN",'{"email": "nikitingennadiy-29021976@postgrespro.ru", "phone": "+70121306338"}'),
	("0005433784346","41C522","6261 726461","GENNADIY NIKITIN",'{"phone": "+70700255515"}'),
	("0005433866148","F69903","9209 820303","GENNADIY NIKITIN",'{"phone": "+70023129259"}'),
	("0005433920499","4CED23","0686 688955","GENNADIY NIKITIN",'{"phone": "+70233647783"}'),
	("0005434021468","F7EBCD","6147 522822","GENNADIY NIKITIN",'{"email": "g.nikitin.091968@postgrespro.ru", "phone": "+70223809052"}'),
	("0005434136702","C8B357","2647 874511","GENNADIY NIKITIN",'{"email": "nikitin.g_05111963@postgrespro.ru", "phone": "+70088671414"}'),
	("0005434149638","D2EC83","6268 589451","GENNADIY NIKITIN",'{"email": "gennadiy.nikitin.121973@postgrespro.ru", "phone": "+70285377756"}'),
	("0005434264796","DA4042","9771 995668","GENNADIY NIKITIN",'{"email": "gennadiy-nikitin.30071975@postgrespro.ru", "phone": "+70122129586"}'),
	("0005434341647","1C5FD3","9722 278221","GENNADIY NIKITIN",'{"email": "gennadiy.nikitin_1973@postgrespro.ru", "phone": "+70227459940"}'),
	("0005434351355","AF0B8F","5272 627402","GENNADIY NIKITIN",'{"phone": "+70607773579"}'),
	("0005434502937","6BDA47","9271 118246","GENNADIY NIKITIN",'{"email": "nikitin-g051975@postgrespro.ru", "phone": "+70577397038"}'),
	("0005434565803","966B80","1522 961017","GENNADIY NIKITIN",'{"phone": "+70167438963"}'),
	("0005434720807","DCD59F","4137 044361","GENNADIY NIKITIN",'{"phone": "+70692092830"}'),
	("0005434755618","4860E5","9838 668323","GENNADIY NIKITIN",'{"email": "nikitin.g-1972@postgrespro.ru", "phone": "+70908173367"}'),
	("0005434874974","D28EA5","6091 426398","GENNADIY NIKITIN",'{"email": "nikitingennadiy_1966@postgrespro.ru", "phone": "+70924940809"}'),
	("0005435242485","40FBEA","8393 623777","GENNADIY NIKITIN",'{"email": "nikitin.g-1978@postgrespro.ru", "phone": "+70696801519"}'),
	("0005435377436","0A7BA0","2756 929037","GENNADIY NIKITIN",'{"email": "nikitingennadiy_1989@postgrespro.ru", "phone": "+70196691799"}'),
	("0005435425479","68192A","0151 134155","GENNADIY NIKITIN",'{"phone": "+70711619507"}'),
	("0005435472619","B93FB3","7640 314539","GENNADIY NIKITIN",'{"email": "gnikitin121975@postgrespro.ru", "phone": "+70115540946"}'),
	("0005435516695","3780C4","2116 046552","GENNADIY NIKITIN",'{"email": "nikiting_13061976@postgrespro.ru", "phone": "+70658117861"}'),
	("0005435555330","E476A9","6787 626612","GENNADIY NIKITIN",'{"phone": "+70837181419"}'),
	("0005435605238","EE57B0","2991 738364","GENNADIY NIKITIN",'{"email": "gnikitin_021969@postgrespro.ru", "phone": "+70044671242"}'),
	("0005435606638","AAD907","1562 398220","GENNADIY NIKITIN",'{"email": "g-nikitin_25111973@postgrespro.ru", "phone": "+70900529986"}'),
	("0005435783008","A35379","4424 122123","GENNADIY NIKITIN",'{"email": "nikitin.g.1972@postgrespro.ru", "phone": "+70145534589"}'),
	("0005435946526","A46890","2976 207815","GENNADIY NIKITIN",'{"email": "nikitin-g011973@postgrespro.ru", "phone": "+70064603992"}')
;

INSERT ticket_flights(ticket_no,flight_id,fare_conditions,amount)
VALUES
	("0005432000863",57354,"Economy",6200.00),
	("0005432018403",15900,"Economy",6700.00),
	("0005432150100",15358,"Comfort",23900.00),
	("0005432150100",60751,"Economy",13400.00),
	("0005432380826",8962,"Economy",3300.00),
	("0005432380826",41836,"Economy",6300.00),
	("0005432380826",59918,"Economy",3300.00),
	("0005432380826",60443,"Economy",3300.00),
	("0005432380826",61953,"Economy",6300.00),
	("0005432380826",62038,"Business",9900.00),
	("0005432706353",5805,"Economy",3400.00),
	("0005432706353",59537,"Economy",3400.00),
	("0005432747244",820,"Economy",14800.00),
	("0005432747244",23868,"Economy",14800.00),
	("0005432798098",6929,"Economy",11700.00),
	("0005432798098",24069,"Economy",4400.00),
	("0005432798098",28883,"Economy",11700.00),
	("0005432798098",29300,"Economy",4400.00),
	("0005432798586",6865,"Business",35000.00),
	("0005432798586",23979,"Economy",4400.00),
	("0005432798586",28853,"Economy",11700.00),
	("0005432798586",29414,"Economy",4400.00),
	("0005432879717",5793,"Economy",3400.00),
	("0005432879717",59589,"Economy",3400.00),
	("0005433007476",3556,"Economy",16200.00),
	("0005433007476",28123,"Economy",17400.00),
	("0005433007476",44805,"Economy",16200.00),
	("0005433007476",45328,"Economy",17400.00),
	("0005433008806",3649,"Business",48700.00),
	("0005433008806",28150,"Economy",17400.00),
	("0005433008806",44689,"Economy",16200.00),
	("0005433008806",45342,"Economy",17400.00),
	("0005433073143",663,"Economy",7200.00),
	("0005433073143",22939,"Economy",7200.00),
	("0005433074540",649,"Economy",7200.00),
	("0005433074540",23036,"Business",21500.00),
	("0005433102069",336,"Economy",6700.00),
	("0005433102069",16085,"Economy",6700.00),
	("0005433292889",756,"Economy",14800.00),
	("0005433292889",23917,"Economy",14800.00),
	("0005433292889",24419,"Economy",17800.00),
	("0005433292889",58690,"Economy",17800.00),
	("0005433448928",15177,"Economy",3700.00),
	("0005433448928",60108,"Economy",3700.00),
	("0005433448928",60447,"Economy",3300.00),
	("0005433448928",62131,"Economy",3300.00),
	("0005433507129",6457,"Economy",6300.00),
	("0005433507129",16292,"Economy",6300.00),
	("0005433507129",18007,"Economy",8900.00),
	("0005433507129",40600,"Economy",8900.00),
	("0005433565125",723,"Economy",7200.00),
	("0005433565125",22939,"Economy",7200.00),
	("0005433565125",23553,"Economy",35300.00),
	("0005433565125",50175,"Economy",35300.00),
	("0005433766421",544,"Economy",27900.00),
	("0005433766421",4613,"Economy",61500.00),
	("0005433766421",19469,"Comfort",47400.00),
	("0005433766421",51926,"Economy",61500.00),
	("0005433784346",9879,"Economy",6000.00),
	("0005433784346",17032,"Economy",6000.00),
	("0005433784346",18555,"Economy",62100.00),
	("0005433784346",52022,"Economy",62100.00),
	("0005433866148",9419,"Economy",17600.00),
	("0005433866148",28740,"Economy",16800.00),
	("0005433866148",64611,"Economy",17600.00),
	("0005433866148",64813,"Economy",16800.00),
	("0005433920499",4285,"Economy",11600.00),
	("0005433920499",47762,"Business",34700.00),
	("0005434021468",945,"Business",24500.00),
	("0005434021468",25083,"Economy",8200.00),
	("0005434136702",14496,"Business",23100.00),
	("0005434136702",23635,"Economy",3200.00),
	("0005434136702",56642,"Economy",7700.00),
	("0005434136702",57010,"Economy",3200.00),
	("0005434149638",9908,"Economy",6000.00),
	("0005434149638",12674,"Economy",12200.00),
	("0005434149638",16702,"Economy",6000.00),
	("0005434149638",41657,"Economy",12200.00),
	("0005434264796",10348,"Economy",6000.00),
	("0005434264796",10927,"Economy",11800.00),
	("0005434264796",16883,"Business",18000.00),
	("0005434264796",26688,"Economy",11800.00),
	("0005434341647",10565,"Economy",14400.00),
	("0005434341647",21556,"Economy",14400.00),
	("0005434341647",22666,"Economy",4000.00),
	("0005434341647",59066,"Economy",4000.00),
	("0005434351355",8818,"Economy",14000.00),
	("0005434351355",58809,"Economy",14000.00),
	("0005434502937",12955,"Economy",16100.00),
	("0005434502937",33122,"Economy",6900.00),
	("0005434502937",44948,"Economy",16100.00),
	("0005434502937",45397,"Economy",6900.00),
	("0005434565803",3125,"Economy",28700.00),
	("0005434565803",41359,"Economy",28700.00),
	("0005434720807",511,"Business",83700.00),
	("0005434720807",19580,"Economy",27900.00),
	("0005434755618",18924,"Economy",10900.00),
	("0005434755618",21268,"Economy",20400.00),
	("0005434755618",56747,"Economy",10900.00),
	("0005434755618",56843,"Economy",20400.00),
	("0005434874974",6916,"Economy",11700.00),
	("0005434874974",19947,"Economy",16600.00),
	("0005434874974",28839,"Economy",11700.00),
	("0005434874974",28983,"Economy",16600.00),
	("0005435242485",11137,"Economy",9300.00),
	("0005435242485",24130,"Economy",13700.00),
	("0005435242485",30458,"Economy",9300.00),
	("0005435242485",30563,"Economy",13700.00),
	("0005435377436",14344,"Economy",5800.00),
	("0005435377436",56173,"Economy",5800.00),
	("0005435425479",21625,"Economy",14400.00),
	("0005435472619",11846,"Economy",66400.00),
	("0005435472619",35810,"Economy",66400.00),
	("0005435516695",3081,"Economy",28700.00),
	("0005435516695",22563,"Economy",6700.00),
	("0005435516695",41511,"Economy",19100.00),
	("0005435516695",43557,"Business",57200.00),
	("0005435555330",10620,"Economy",14400.00),
	("0005435555330",10681,"Economy",22400.00),
	("0005435555330",21614,"Comfort",24400.00),
	("0005435555330",24867,"Economy",22400.00),
	("0005435605238",10579,"Economy",14400.00),
	("0005435605238",21639,"Business",43100.00),
	("0005435606638",10560,"Economy",14400.00),
	("0005435606638",21671,"Economy",14400.00),
	("0005435783008",8441,"Economy",12700.00),
	("0005435783008",27316,"Economy",3100.00),
	("0005435783008",54170,"Business",38000.00),
	("0005435783008",54419,"Economy",3100.00),
	("0005435946526",8397,"Economy",64400.00),
	("0005435946526",52733,"Economy",64400.00)
;	

INSERT boarding_passes(ticket_no, flight_id, boarding_no, seat_no)
VALUES
	("0005432000863",57354,2,"17F"),
	("0005432018403",15900,38,"13A"),
	("0005432150100",15358,204,"16K"),
	("0005432150100",60751,36,"16F"),
	("0005432380826",8962,49,"12D"),
	("0005432380826",41836,57,"13A"),
	("0005432380826",59918,9,"19C"),
	("0005432380826",60443,32,"7E"),
	("0005432380826",61953,76,"12C"),
	("0005432380826",62038,74,"3A"),
	("0005432706353",5805,27,"10C"),
	("0005432706353",59537,67,"13F"),
	("0005432747244",820,44,"10E"),
	("0005432747244",23868,51,"18D"),
	("0005432798098",6929,54,"20G"),
	("0005432798098",24069,24,"22D"),
	("0005432798098",28883,211,"42D"),
	("0005432798098",29300,22,"6C"),
	("0005432798586",6865,64,"5C"),
	("0005432798586",23979,16,"19B"),
	("0005432798586",28853,92,"31K"),
	("0005432798586",29414,27,"6B"),
	("0005432879717",5793,58,"12E"),
	("0005432879717",59589,61,"12F"),
	("0005433007476",3556,49,"10F"),
	("0005433007476",28123,24,"5A"),
	("0005433007476",44805,6,"4C"),
	("0005433007476",45328,11,"19C"),
	("0005433008806",3649,27,"1F"),
	("0005433008806",28150,25,"14F"),
	("0005433008806",44689,71,"17A"),
	("0005433008806",45342,32,"12E"),
	("0005433073143",663,49,"16D"),
	("0005433073143",22939,103,"27B"),
	("0005433074540",649,60,"13B"),
	("0005433074540",23036,128,"4C"),
	("0005433102069",336,17,"26C"),
	("0005433102069",16085,99,"24F"),
	("0005433292889",756,30,"5F"),
	("0005433292889",23917,38,"7A"),
	("0005433292889",24419,5,"20D"),
	("0005433292889",58690,7,"5D"),
	("0005433448928",15177,69,"18E"),
	("0005433448928",60108,21,"5D"),
	("0005433448928",60447,59,"5C"),
	("0005433448928",62131,53,"10A"),
	("0005433507129",6457,42,"18D"),
	("0005433507129",16292,109,"9A"),
	("0005433507129",18007,51,"8D"),
	("0005433507129",40600,37,"5E"),
	("0005433565125",723,138,"31F"),
	("0005433565125",22939,51,"13C"),
	("0005433565125",23553,95,"19F"),
	("0005433565125",50175,30,"8A"),
	("0005433766421",544,236,"44E"),
	("0005433766421",4613,145,"30D"),
	("0005433766421",19469,60,"15H"),
	("0005433766421",51926,75,"29H"),
	("0005433784346",9879,30,"31C"),
	("0005433784346",17032,9,"12A"),
	("0005433784346",18555,99,"24D"),
	("0005433784346",52022,116,"20D"),
	("0005433866148",9419,35,"20D"),
	("0005433866148",28740,12,"6D"),
	("0005433866148",64611,32,"20A"),
	("0005433866148",64813,36,"20D"),
	("0005433920499",4285,37,"21E"),
	("0005433920499",47762,3,"3A"),
	("0005434021468",945,64,"5F"),
	("0005434021468",25083,114,"18B"),
	("0005434136702",14496,46,"3D"),
	("0005434136702",23635,14,"16D"),
	("0005434136702",56642,1,"9C"),
	("0005434136702",57010,79,"8F"),
	("0005434149638",9908,93,"25D"),
	("0005434149638",12674,34,"5D"),
	("0005434149638",16702,34,"9B"),
	("0005434149638",41657,62,"14F"),
	("0005434264796",10348,120,"30E"),
	("0005434264796",10927,91,"17B"),
	("0005434264796",16883,18,"7C"),
	("0005434264796",26688,57,"32G"),
	("0005434341647",10565,167,"36K"),
	("0005434341647",21556,83,"19B"),
	("0005434341647",22666,32,"21B"),
	("0005434341647",59066,14,"4C"),
	("0005434351355",8818,26,"23B"),
	("0005434351355",58809,11,"22B"),
	("0005434502937",12955,40,"4D"),
	("0005434502937",33122,12,"22D"),
	("0005434502937",44948,33,"5D"),
	("0005434502937",45397,17,"6A"),
	("0005434565803",3125,39,"8D"),
	("0005434565803",41359,74,"11F"),
	("0005434720807",511,201,"4A"),
	("0005434720807",19580,302,"47G"),
	("0005434755618",18924,88,"19D"),
	("0005434755618",21268,27,"16C"),
	("0005434755618",56747,63,"13C"),
	("0005434755618",56843,7,"19C"),
	("0005434874974",6916,244,"46G"),
	("0005434874974",19947,33,"19A"),
	("0005434874974",28839,5,"21F"),
	("0005434874974",28983,89,"18B"),
	("0005435242485",11137,62,"11F"),
	("0005435242485",24130,23,"12E"),
	("0005435242485",30458,55,"5F"),
	("0005435242485",30563,67,"11F"),
	("0005435377436",14344,8,"6A"),
	("0005435377436",56173,10,"6B"),
	("0005435425479",21625,71,"42J"),
	("0005435472619",11846,33,"12D"),
	("0005435472619",35810,3,"19C"),
	("0005435516695",3081,14,"17F"),
	("0005435516695",22563,18,"5F"),
	("0005435516695",41511,36,"4E"),
	("0005435516695",43557,16,"2D"),
	("0005435555330",10620,41,"34D"),
	("0005435555330",10681,12,"16C"),
	("0005435555330",21614,36,"14H"),
	("0005435555330",24867,25,"12D"),
	("0005435605238",10579,228,"50K"),
	("0005435605238",21639,16,"4K"),
	("0005435606638",10560,148,"28E"),
	("0005435606638",21671,122,"30B"),
	("0005435783008",8441,10,"18C"),
	("0005435783008",27316,30,"19B"),
	("0005435783008",54170,20,"2F"),
	("0005435783008",54419,4,"2A"),
	("0005435946526",8397,11,"25F"),
	("0005435946526",52733,16,"38E")
;



